ID,"Class"
750,Mitchell
751,Mitchell
752,Mitchell
753,Mitchell
754,Mitchell
755,Mitchell
756,Mitchell
757,Mitchell
758,Mitchell
759,Mitchell
760,Mitchell
761,Mitchell
762,Mitchell
763,Mitchell
764,Mitchell
765,Mitchell
766,Mitchell
767,Mitchell
768,Mitchell
769,Mitchell
770,Mitchell
771,Mitchell
772,Mitchell
773,Mitchell
774,Mitchell
775,Mitchell
776,Mitchell
777,Mitchell
778,Mitchell
779,Mitchell
780,Mitchell
781,Mitchell
782,Mitchell
783,Mitchell
784,Mitchell
785,Mitchell
786,Mitchell
787,Mitchell
788,Mitchell
789,Mitchell
790,Mitchell
791,Mitchell
792,Mitchell
793,Mitchell
794,Mitchell
795,Mitchell
796,Mitchell
797,Mitchell
798,Mitchell
799,Mitchell
800,Mitchell
801,Mitchell
802,Mitchell
803,Mitchell
804,Mitchell
805,Mitchell
806,Mitchell
807,Mitchell
808,Mitchell
809,Mitchell
810,Mitchell
811,Mitchell
812,Mitchell
813,Mitchell
814,Mitchell
815,Mitchell
816,Mitchell
817,Mitchell
818,Mitchell
819,Mitchell
820,Mitchell
821,Mitchell
822,Mitchell
823,Mitchell
824,Mitchell
825,Mitchell
826,Mitchell
827,Mitchell
828,Mitchell
829,Mitchell
830,Mitchell
831,Mitchell
832,Mitchell
833,Mitchell
834,Mitchell
835,Mitchell
836,Mitchell
837,Mitchell
838,Mitchell
839,Mitchell
840,Mitchell
841,Mitchell
842,Mitchell
843,Mitchell
844,Mitchell
845,Mitchell
846,Mitchell
847,Mitchell
848,Mitchell
849,Mitchell
850,Mitchell
851,Mitchell
852,Mitchell
853,Mitchell
854,Mitchell
855,Mitchell
856,Mitchell
857,Mitchell
858,Mitchell
859,Mitchell
860,Mitchell
861,Mitchell
862,Mitchell
863,Mitchell
864,Mitchell
865,Mitchell
866,Mitchell
867,Mitchell
868,Mitchell
869,Mitchell
870,Mitchell
871,Mitchell
872,Mitchell
873,Mitchell
874,Mitchell
875,Mitchell
876,Mitchell
877,Mitchell
878,Mitchell
879,Mitchell
880,Mitchell
881,Mitchell
882,Mitchell
883,Mitchell
884,Mitchell
885,Mitchell
886,Mitchell
887,Mitchell
888,Mitchell
889,Mitchell
890,Mitchell
891,Mitchell
892,Mitchell
893,Mitchell
894,Mitchell
895,Mitchell
896,Mitchell
897,Mitchell
898,Mitchell
899,Mitchell
900,Mitchell
901,Mitchell
902,Mitchell
903,Mitchell
904,Mitchell
905,Mitchell
906,Mitchell
907,Mitchell
908,Mitchell
909,Mitchell
910,Mitchell
911,Mitchell
912,Mitchell
913,Mitchell
914,Mitchell
915,Mitchell
916,Mitchell
917,Mitchell
918,Mitchell
919,Mitchell
920,Mitchell
921,Mitchell
922,Mitchell
923,Mitchell
924,Mitchell
925,Mitchell
926,Mitchell
927,Mitchell
928,Mitchell
929,Mitchell
930,Mitchell
931,Mitchell
932,Mitchell
933,Mitchell
934,Mitchell
935,Mitchell
936,Mitchell
937,Mitchell
938,Mitchell
939,Mitchell
940,Mitchell
941,Mitchell
942,Mitchell
943,Mitchell
944,Mitchell
945,Mitchell
946,Mitchell
947,Mitchell
948,Mitchell
949,Mitchell
950,Mitchell
951,Mitchell
952,Mitchell
953,Mitchell
954,Mitchell
955,Mitchell
956,Mitchell
957,Mitchell
958,Mitchell
959,Mitchell
960,Mitchell
961,Mitchell
962,Mitchell
963,Mitchell
964,Mitchell
965,Mitchell
966,Mitchell
967,Mitchell
968,Mitchell
969,Mitchell
970,Mitchell
971,Mitchell
972,Mitchell
973,Mitchell
974,Mitchell
975,Mitchell
976,Mitchell
977,Mitchell
978,Mitchell
979,Mitchell
980,Mitchell
981,Mitchell
982,Mitchell
983,Mitchell
984,Mitchell
985,Mitchell
986,Mitchell
987,Mitchell
988,Mitchell
989,Mitchell
990,Mitchell
991,Mitchell
992,Mitchell
993,Mitchell
994,Mitchell
995,Mitchell
996,Mitchell
997,Mitchell
998,Mitchell
999,Mitchell
1000,Mitchell
1001,Mitchell
1002,Mitchell
1003,Mitchell
1004,Mitchell
1005,Mitchell
1006,Mitchell
1007,Mitchell
1008,Mitchell
1009,Mitchell
1010,Mitchell
1011,Mitchell
1012,Mitchell
1013,Mitchell
1014,Mitchell
1015,Mitchell
1016,Mitchell
1017,Mitchell
1018,Mitchell
1019,Mitchell
1020,Mitchell
1021,Mitchell
1022,Mitchell
1023,Mitchell
1024,Mitchell
1025,Mitchell
1026,Mitchell
1027,Mitchell
1028,Mitchell
1029,Mitchell
1030,Mitchell
1031,Mitchell
1032,Mitchell
1033,Mitchell
1034,Mitchell
1035,Mitchell
1036,Mitchell
1037,Mitchell
1038,Mitchell
1039,Mitchell
1040,Mitchell
1041,Mitchell
1042,Mitchell
1043,Mitchell
1044,Mitchell
1045,Mitchell
1046,Mitchell
1047,Mitchell
1048,Mitchell
1049,Mitchell
1050,Mitchell
1051,Mitchell
1052,Mitchell
1053,Mitchell
1054,Mitchell
1055,Mitchell
1056,Mitchell
1057,Mitchell
1058,Mitchell
1059,Mitchell
1060,Mitchell
1061,Mitchell
1062,Mitchell
1063,Mitchell
1064,Mitchell
1065,Mitchell
1066,Mitchell
1067,Mitchell
1068,Mitchell
1069,Mitchell
1070,Mitchell
1071,Mitchell
1072,Mitchell
1073,Mitchell
1074,Mitchell
1075,Mitchell
1076,Mitchell
1077,Mitchell
1078,Mitchell
1079,Mitchell
1080,Mitchell
1081,Mitchell
1082,Mitchell
1083,Mitchell
1084,Mitchell
1085,Mitchell
1086,Mitchell
1087,Mitchell
1088,Mitchell
1089,Mitchell
1090,Mitchell
1091,Mitchell
1092,Mitchell
1093,Mitchell
1094,Mitchell
1095,Mitchell
1096,Mitchell
1097,Mitchell
1098,Mitchell
1099,Mitchell
1100,Mitchell
1101,Mitchell
1102,Mitchell
1103,Mitchell
1104,Mitchell
1105,Mitchell
1106,Mitchell
1107,Mitchell
1108,Mitchell
1109,Mitchell
1110,Mitchell
1111,Mitchell
1112,Mitchell
1113,Mitchell
1114,Mitchell
1115,Mitchell
1116,Mitchell
1117,Mitchell
1118,Mitchell
1119,Mitchell
1120,Mitchell
1121,Mitchell
1122,Mitchell
1123,Mitchell
1124,Mitchell
1125,Mitchell
1126,Mitchell
1127,Mitchell
1128,Mitchell
1129,Mitchell
1130,Mitchell
1131,Mitchell
1132,Mitchell
1133,Mitchell
1134,Mitchell
1135,Mitchell
1136,Mitchell
1137,Mitchell
1138,Mitchell
1139,Mitchell
1140,Mitchell
1141,Mitchell
1142,Mitchell
1143,Mitchell
1144,Mitchell
1145,Mitchell
1146,Mitchell
1147,Mitchell
1148,Mitchell
1149,Mitchell
1150,Mitchell
1151,Mitchell
1152,Mitchell
1153,Mitchell
1154,Mitchell
1155,Mitchell
1156,Mitchell
1157,Mitchell
1158,Mitchell
1159,Mitchell
1160,Mitchell
1161,Mitchell
1162,Mitchell
1163,Mitchell
1164,Mitchell
1165,Mitchell
1166,Mitchell
1167,Mitchell
1168,Mitchell
1169,Mitchell
1170,Mitchell
1171,Mitchell
1172,Mitchell
1173,Mitchell
1174,Mitchell
1175,Mitchell
1176,Mitchell
1177,Mitchell
1178,Mitchell
1179,Mitchell
1180,Mitchell
1181,Mitchell
1182,Mitchell
1183,Mitchell
1184,Mitchell
1185,Mitchell
1186,Mitchell
1187,Mitchell
1188,Mitchell
1189,Mitchell
1190,Mitchell
1191,Mitchell
1192,Mitchell
1193,Mitchell
1194,Mitchell
1195,Mitchell
1196,Mitchell
1197,Mitchell
1198,Mitchell
1199,Mitchell
1200,Mitchell
1201,Mitchell
1202,Mitchell
1203,Mitchell
1204,Mitchell
1205,Mitchell
1206,Mitchell
1207,Mitchell
1208,Mitchell
1209,Mitchell
1210,Mitchell
1211,Mitchell
1212,Mitchell
1213,Mitchell
1214,Mitchell
1215,Mitchell
1216,Mitchell
1217,Mitchell
1218,Mitchell
1219,Mitchell
1220,Mitchell
1221,Mitchell
1222,Mitchell
1223,Mitchell
1224,Mitchell
1225,Mitchell
1226,Mitchell
1227,Mitchell
1228,Mitchell
1229,Mitchell
1230,Mitchell
1231,Mitchell
1232,Mitchell
1233,Mitchell
1234,Mitchell
1235,Mitchell
1236,Mitchell
1237,Mitchell
1238,Mitchell
1239,Mitchell
1240,Mitchell
1241,Mitchell
1242,Mitchell
1243,Mitchell
1244,Mitchell
1245,Mitchell
1246,Mitchell
1247,Mitchell
1248,Mitchell
1249,Mitchell
1250,Mitchell
1251,Mitchell
1252,Mitchell
1253,Mitchell
1254,Mitchell
1255,Mitchell
1256,Mitchell
1257,Mitchell
1258,Mitchell
1259,Mitchell
1260,Mitchell
1261,Mitchell
1262,Mitchell
1263,Mitchell
1264,Mitchell
1265,Mitchell
1266,Mitchell
1267,Mitchell
1268,Mitchell
1269,Mitchell
1270,Mitchell
1271,Mitchell
1272,Mitchell
1273,Mitchell
1274,Mitchell
1275,Mitchell
1276,Mitchell
1277,Mitchell
1278,Mitchell
1279,Mitchell
1280,Mitchell
1281,Mitchell
1282,Mitchell
1283,Mitchell
1284,Mitchell
1285,Mitchell
1286,Mitchell
1287,Mitchell
1288,Mitchell
1289,Mitchell
1290,Mitchell
1291,Mitchell
1292,Mitchell
1293,Mitchell
1294,Mitchell
1295,Mitchell
1296,Mitchell
1297,Mitchell
1298,Mitchell
1299,Mitchell
1300,Mitchell
1301,Mitchell
1302,Mitchell
1303,Mitchell
1304,Mitchell
1305,Mitchell
1306,Mitchell
1307,Mitchell
1308,Mitchell
1309,Mitchell
1310,Mitchell
1311,Mitchell
1312,Mitchell
1313,Mitchell
1314,Mitchell
1315,Mitchell
1316,Mitchell
1317,Mitchell
1318,Mitchell
1319,Mitchell
1320,Mitchell
1321,Mitchell
1322,Mitchell
1323,Mitchell
1324,Mitchell
1325,Mitchell
1326,Mitchell
1327,Mitchell
1328,Mitchell
1329,Mitchell
1330,Mitchell
1331,Mitchell
1332,Mitchell
1333,Mitchell
1334,Mitchell
1335,Mitchell
1336,Mitchell
1337,Mitchell
1338,Mitchell
1339,Mitchell
1340,Mitchell
1341,Mitchell
1342,Mitchell
1343,Mitchell
1344,Mitchell
1345,Mitchell
1346,Mitchell
1347,Mitchell
1348,Mitchell
1349,Mitchell
1350,Mitchell
1351,Mitchell
1352,Mitchell
1353,Mitchell
1354,Mitchell
1355,Mitchell
1356,Mitchell
1357,Mitchell
1358,Mitchell
1359,Mitchell
1360,Mitchell
1361,Mitchell
1362,Mitchell
1363,Mitchell
1364,Mitchell
1365,Mitchell
1366,Mitchell
1367,Mitchell
1368,Mitchell
1369,Mitchell
1370,Mitchell
1371,Mitchell
1372,Mitchell
1373,Mitchell
1374,Mitchell
1375,Mitchell
1376,Mitchell
1377,Mitchell
1378,Mitchell
1379,Mitchell
1380,Mitchell
1381,Mitchell
1382,Mitchell
1383,Mitchell
1384,Mitchell
1385,Mitchell
1386,Mitchell
1387,Mitchell
1388,Mitchell
1389,Mitchell
1390,Mitchell
1391,Mitchell
1392,Mitchell
1393,Mitchell
1394,Mitchell
1395,Mitchell
1396,Mitchell
1397,Mitchell
1398,Mitchell
1399,Mitchell
1400,Mitchell
1401,Mitchell
1402,Mitchell
1403,Mitchell
1404,Mitchell
1405,Mitchell
1406,Mitchell
1407,Mitchell
1408,Mitchell
1409,Mitchell
1410,Mitchell
1411,Mitchell
1412,Mitchell
1413,Mitchell
1414,Mitchell
1415,Mitchell
1416,Mitchell
1417,Mitchell
1418,Mitchell
1419,Mitchell
1420,Mitchell
1421,Mitchell
1422,Mitchell
1423,Mitchell
1424,Mitchell
1425,Mitchell
1426,Mitchell
1427,Mitchell
1428,Mitchell
1429,Mitchell
1430,Mitchell
1431,Mitchell
1432,Mitchell
1433,Mitchell
1434,Mitchell
1435,Mitchell
1436,Mitchell
1437,Mitchell
1438,Mitchell
1439,Mitchell
1440,Mitchell
1441,Mitchell
1442,Mitchell
1443,Mitchell
1444,Mitchell
1445,Mitchell
1446,Mitchell
1447,Mitchell
1448,Mitchell
1449,Mitchell
1450,Mitchell
1451,Mitchell
1452,Mitchell
1453,Mitchell
1454,Mitchell
1455,Mitchell
1456,Mitchell
1457,Mitchell
1458,Mitchell
1459,Mitchell
1460,Mitchell
1461,Mitchell
1462,Mitchell
1463,Mitchell
1464,Mitchell
1465,Mitchell
1466,Mitchell
1467,Mitchell
1468,Mitchell
1469,Mitchell
1470,Mitchell
1471,Mitchell
1472,Mitchell
1473,Mitchell
1474,Mitchell
1475,Mitchell
1476,Mitchell
1477,Mitchell
1478,Mitchell
1479,Mitchell
1480,Mitchell
1481,Mitchell
1482,Mitchell
1483,Mitchell
1484,Mitchell
1485,Mitchell
1486,Mitchell
1487,Mitchell
1488,Mitchell
1489,Mitchell
1490,Mitchell
1491,Mitchell
1492,Mitchell
1493,Mitchell
1494,Mitchell
1495,Mitchell
1496,Mitchell
1497,Mitchell
1498,Mitchell
1499,Mitchell
